timestamp,epoch,step,phase,loss,val_loss,learning_rate,memory_mb,elapsed_time_s
2025-11-09T17:26:33.542913,0,1,train,5.50153766122804,,1e-05,8030,3.5762786865234375e-05
2025-11-09T17:26:33.555562,0,2,train,5.525378747076366,,1e-05,8428,0.012686729431152344
2025-11-09T17:26:33.568305,0,3,train,5.077533618506476,,1e-05,8492,0.02542901039123535
2025-11-09T17:26:33.580260,0,4,train,5.173322344462443,,1e-05,8160,0.037384986877441406
2025-11-09T17:26:33.592971,0,5,train,5.624458905722221,,1e-05,7559,0.050096750259399414
2025-11-09T17:26:33.605621,0,6,train,5.3519137356052635,,1e-05,8030,0.06274580955505371
2025-11-09T17:26:33.617260,0,7,train,4.676128020695042,,1e-05,8203,0.07438492774963379
2025-11-09T17:26:33.629897,0,8,train,4.631515612903406,,1e-05,7828,0.08702278137207031
2025-11-09T17:26:33.642580,0,9,train,4.91780413500284,,1e-05,7801,0.09970378875732422
2025-11-09T17:26:33.655388,0,10,train,4.63288648293567,4.752077410989679,1e-05,7665,0.11251378059387207
2025-11-09T17:26:33.668011,0,11,train,3.708439606497606,,1e-05,8187,0.1251378059387207
2025-11-09T17:26:33.679589,0,12,train,5.479041361462295,,1e-05,8269,0.13671183586120605
2025-11-09T17:26:33.690388,0,13,train,5.187889219256519,,1e-05,8117,0.14751267433166504
2025-11-09T17:26:33.703058,0,14,train,4.514409797229737,,1e-05,7595,0.16018366813659668
2025-11-09T17:26:33.715660,0,15,train,4.1543704809483355,,1e-05,8084,0.17278575897216797
2025-11-09T17:26:33.728325,0,16,train,4.9941024043029,,1e-05,8043,0.18544983863830566
2025-11-09T17:26:33.740642,0,17,train,5.114181586262093,,1e-05,8261,0.19776678085327148
2025-11-09T17:26:33.753320,0,18,train,4.484342416764035,,1e-05,7615,0.21044588088989258
2025-11-09T17:26:33.765958,0,19,train,4.402947448405356,,1e-05,8449,0.2230830192565918
2025-11-09T17:26:33.778722,0,20,train,4.787040486601892,5.0780448232569295,1e-05,7827,0.23584675788879395
2025-11-09T17:26:33.791358,0,21,train,5.1051270973382215,,1e-05,7941,0.24848389625549316
2025-11-09T17:26:33.803955,0,22,train,4.8455020013378425,,1e-05,7881,0.2610807418823242
2025-11-09T17:26:33.816593,0,23,train,4.396866560502743,,1e-05,8428,0.27371883392333984
2025-11-09T17:26:33.829214,0,24,train,4.081199413767807,,1e-05,7542,0.28633975982666016
2025-11-09T17:26:33.841803,0,25,train,5.033742369155291,,1e-05,7609,0.29892873764038086
2025-11-09T17:26:33.854424,0,26,train,4.6924294429815205,,1e-05,8382,0.31154775619506836
2025-11-09T17:26:33.867210,0,27,train,4.458109123234691,,1e-05,7777,0.32433485984802246
2025-11-09T17:26:33.879958,0,28,train,4.796562463889927,,1e-05,8294,0.3370819091796875
2025-11-09T17:26:33.892772,0,29,train,4.506379508036617,,1e-05,8401,0.3498959541320801
2025-11-09T17:26:33.905540,0,30,train,4.813356686115851,5.215763498171594,1e-05,8491,0.36266398429870605
2025-11-09T17:26:33.918245,0,31,train,4.67852625354193,,1e-05,7879,0.3753700256347656
2025-11-09T17:26:33.930946,0,32,train,4.259165466914998,,1e-05,8146,0.38806986808776855
2025-11-09T17:26:33.943076,0,33,train,3.633113614478928,,1e-05,7819,0.40019989013671875
2025-11-09T17:26:33.955879,0,34,train,4.181986169301114,,1e-05,7827,0.41300296783447266
2025-11-09T17:26:33.968611,0,35,train,4.188114545493168,,1e-05,8351,0.4257338047027588
2025-11-09T17:26:33.981362,0,36,train,4.05378483115959,,1e-05,8397,0.43848586082458496
2025-11-09T17:26:33.993188,0,37,train,4.231956606075382,,1e-05,7862,0.45031285285949707
2025-11-09T17:26:34.005888,0,38,train,4.1686405067264625,,1e-05,8304,0.4630107879638672
2025-11-09T17:26:34.018666,0,39,train,4.078582677969843,,1e-05,7694,0.47578978538513184
2025-11-09T17:26:34.031404,0,40,train,4.243713415812573,4.412298140723506,1e-05,8231,0.48852992057800293
2025-11-09T17:26:34.044109,0,41,train,4.7587396252502705,,1e-05,8436,0.5012338161468506
2025-11-09T17:26:34.056795,0,42,train,5.008926405885488,,1e-05,7623,0.5139188766479492
2025-11-09T17:26:34.069556,0,43,train,4.853576249283494,,1e-05,8017,0.5266807079315186
2025-11-09T17:26:34.082265,0,44,train,3.4677916875485786,,1e-05,7799,0.5393898487091064
2025-11-09T17:26:34.094979,0,45,train,3.725599852168205,,1e-05,8238,0.55210280418396
2025-11-09T17:26:34.107751,0,46,train,3.69129883008999,,1e-05,8161,0.5648739337921143
2025-11-09T17:26:34.118929,0,47,train,3.738829511887311,,1e-05,8443,0.5760529041290283
2025-11-09T17:26:34.131124,0,48,train,3.708652334268354,,1e-05,7706,0.588249683380127
2025-11-09T17:26:34.143864,0,49,train,3.9702799211252504,,1e-05,8104,0.6009867191314697
2025-11-09T17:26:34.156718,0,50,train,3.936558267807732,4.119617920258805,1e-05,8330,0.6138417720794678
2025-11-09T17:26:34.169533,0,51,train,4.148228242179386,,1e-05,8246,0.6266539096832275
2025-11-09T17:26:34.182157,0,52,train,3.993789450168201,,1e-05,7915,0.6392776966094971
2025-11-09T17:26:34.192593,0,53,train,4.222125871048127,,1e-05,7879,0.649702787399292
2025-11-09T17:26:34.205446,0,54,train,3.7890473470702406,,1e-05,7641,0.6625678539276123
2025-11-09T17:26:34.218514,0,55,train,3.423425802136435,,1e-05,7768,0.675635814666748
2025-11-09T17:26:34.231570,0,56,train,3.8059118611606,,1e-05,8499,0.6886909008026123
2025-11-09T17:26:34.244474,0,57,train,3.4540547751524113,,1e-05,7782,0.7015957832336426
2025-11-09T17:26:34.257492,0,58,train,4.165606478466215,,1e-05,8001,0.7146146297454834
2025-11-09T17:26:34.267971,0,59,train,4.238837552948741,,1e-05,7774,0.7250897884368896
2025-11-09T17:26:34.279186,0,60,train,3.0264594143779644,3.2480016331837795,1e-05,7575,0.7363100051879883
2025-11-09T17:26:34.292008,0,61,train,3.5584869188960395,,1e-05,8119,0.7491319179534912
2025-11-09T17:26:34.304780,0,62,train,3.366316843275699,,1e-05,7669,0.7619049549102783
2025-11-09T17:26:34.317473,0,63,train,3.466385384119754,,1e-05,7781,0.7745957374572754
2025-11-09T17:26:34.330283,0,64,train,3.466067261006681,,1e-05,8386,0.7874066829681396
2025-11-09T17:26:34.343025,0,65,train,2.7296826326863024,,1e-05,7765,0.8001499176025391
2025-11-09T17:26:34.355758,0,66,train,3.3821015804073538,,1e-05,7520,0.8128807544708252
2025-11-09T17:26:34.368549,0,67,train,3.485819223530303,,1e-05,7506,0.8256728649139404
2025-11-09T17:26:34.381297,0,68,train,3.561547518520926,,1e-05,8499,0.8384220600128174
2025-11-09T17:26:34.394006,0,69,train,3.6388455431540287,,1e-05,7615,0.8511307239532471
2025-11-09T17:26:34.406789,0,70,train,3.4689135238127724,3.490446869138419,1e-05,7605,0.86391282081604
2025-11-09T17:26:34.419518,0,71,train,3.639086943710332,,1e-05,7875,0.8766438961029053
2025-11-09T17:26:34.432182,0,72,train,3.443060631531769,,1e-05,8341,0.8893077373504639
2025-11-09T17:26:34.444844,0,73,train,3.291619527353712,,1e-05,8209,0.9019677639007568
2025-11-09T17:26:34.457612,0,74,train,3.2253555364479003,,1e-05,7645,0.9147348403930664
2025-11-09T17:26:34.470426,0,75,train,3.518132365280791,,1e-05,8268,0.927548885345459
2025-11-09T17:26:34.483370,0,76,train,3.032137227394948,,1e-05,7730,0.9404919147491455
2025-11-09T17:26:34.496104,0,77,train,3.430649281175787,,1e-05,7568,0.9532287120819092
2025-11-09T17:26:34.508877,0,78,train,3.496486206041753,,1e-05,7848,0.9659976959228516
2025-11-09T17:26:34.521829,0,79,train,3.5639223871812096,,1e-05,8020,0.9789538383483887
2025-11-09T17:26:34.534574,0,80,train,3.0686007310505325,3.136677935843759,1e-05,8357,0.9916989803314209
2025-11-09T17:26:34.547313,0,81,train,3.0339332486354604,,1e-05,7754,1.00443696975708
2025-11-09T17:26:34.560036,0,82,train,3.0912995939562737,,1e-05,7927,1.0171599388122559
2025-11-09T17:26:34.572809,0,83,train,3.528258755967633,,1e-05,7926,1.0299336910247803
2025-11-09T17:26:34.583545,0,84,train,3.0927131168844837,,1e-05,8172,1.0406699180603027
2025-11-09T17:26:34.596316,0,85,train,3.5171035538609323,,1e-05,7665,1.0534389019012451
2025-11-09T17:26:34.609085,0,86,train,3.5884219441875844,,1e-05,8417,1.066209077835083
2025-11-09T17:26:34.621759,0,87,train,3.379080103447144,,1e-05,8458,1.0788848400115967
2025-11-09T17:26:34.634429,0,88,train,2.6968157050797705,,1e-05,7985,1.0915536880493164
2025-11-09T17:26:34.647150,0,89,train,3.2068514390480582,,1e-05,7869,1.104273796081543
2025-11-09T17:26:34.659937,0,90,train,3.180181194085597,3.209560592925385,1e-05,8236,1.1170618534088135
2025-11-09T17:26:34.672756,0,91,train,3.10283952719399,,1e-05,7788,1.129878044128418
2025-11-09T17:26:34.685766,0,92,train,2.751340702511073,,1e-05,8344,1.1428909301757812
2025-11-09T17:26:34.698494,0,93,train,3.1812064972927048,,1e-05,7808,1.1556198596954346
2025-11-09T17:26:34.711183,0,94,train,3.2221843971970356,,1e-05,7513,1.1683080196380615
2025-11-09T17:26:34.723918,0,95,train,2.9626643525562653,,1e-05,7792,1.181041955947876
2025-11-09T17:26:34.736680,0,96,train,3.3966947383742077,,1e-05,8144,1.1938047409057617
2025-11-09T17:26:34.749390,0,97,train,2.762488707111613,,1e-05,7687,1.206514835357666
2025-11-09T17:26:34.762181,0,98,train,3.2634503402327466,,1e-05,7882,1.2193048000335693
2025-11-09T17:26:34.774987,0,99,train,3.529362165760169,,1e-05,8308,1.232111930847168
2025-11-09T17:26:34.787718,0,100,train,2.607342980792398,2.6165752907705397,1e-05,8144,1.2448430061340332
2025-11-09T17:26:34.800438,0,,epoch,3.9644129263647967,4.162633572683037,1e-05,,1.2575597763061523
2025-11-09T17:26:34.802815,1,1,train,2.6246474498488266,,1e-05,7921,1.2599408626556396
2025-11-09T17:26:34.815465,1,2,train,3.1627538710475536,,1e-05,7780,1.2725908756256104
2025-11-09T17:26:34.828122,1,3,train,3.386067215952899,,1e-05,8450,1.285248041152954
2025-11-09T17:26:34.839059,1,4,train,3.0560822899916746,,1e-05,8354,1.296182632446289
2025-11-09T17:26:34.851872,1,5,train,2.4047754416761515,,1e-05,8006,1.3089969158172607
2025-11-09T17:26:34.864611,1,6,train,3.105441538031992,,1e-05,7963,1.3217358589172363
2025-11-09T17:26:34.877373,1,7,train,2.8514619715579457,,1e-05,8027,1.3344969749450684
2025-11-09T17:26:34.889571,1,8,train,3.128116937482987,,1e-05,8137,1.3466949462890625
2025-11-09T17:26:34.902303,1,9,train,3.1017830201039183,,1e-05,7946,1.359428882598877
2025-11-09T17:26:34.915016,1,10,train,2.8556741093852853,2.8813829676058607,1e-05,7670,1.3721389770507812
2025-11-09T17:26:34.927936,1,11,train,2.7542786380871145,,1e-05,7891,1.3850598335266113
2025-11-09T17:26:34.940685,1,12,train,2.676799765250401,,1e-05,7950,1.3978087902069092
2025-11-09T17:26:34.953430,1,13,train,2.4911153454387422,,1e-05,8275,1.4105548858642578
2025-11-09T17:26:34.966160,1,14,train,2.528764144163395,,1e-05,8195,1.4232838153839111
2025-11-09T17:26:34.978953,1,15,train,2.7201107792393433,,1e-05,8183,1.4360778331756592
2025-11-09T17:26:34.990806,1,16,train,2.5640185429769433,,1e-05,8138,1.4479308128356934
2025-11-09T17:26:35.003598,1,17,train,3.0561504235548878,,1e-05,7928,1.4607219696044922
2025-11-09T17:26:35.016391,1,18,train,2.6885542631339603,,1e-05,8362,1.4735150337219238
2025-11-09T17:26:35.027429,1,19,train,2.440240765660744,,1e-05,7829,1.4845528602600098
2025-11-09T17:26:35.040202,1,20,train,2.9970310143665486,3.181753214403661,1e-05,7584,1.4973247051239014
2025-11-09T17:26:35.053024,1,21,train,2.609217903528801,,1e-05,7923,1.5101478099822998
2025-11-09T17:26:35.065793,1,22,train,2.6107750085473733,,1e-05,8041,1.5229167938232422
2025-11-09T17:26:35.078605,1,23,train,3.1135078863359738,,1e-05,8027,1.535728931427002
2025-11-09T17:26:35.091406,1,24,train,2.8977963662547825,,1e-05,8235,1.5485308170318604
2025-11-09T17:26:35.104127,1,25,train,2.3867849704357265,,1e-05,8479,1.5612518787384033
2025-11-09T17:26:35.115393,1,26,train,3.0034689520539186,,1e-05,7925,1.5725157260894775
2025-11-09T17:26:35.128178,1,27,train,2.493355055129789,,1e-05,7695,1.5853030681610107
2025-11-09T17:26:35.140875,1,28,train,2.5543967147461046,,1e-05,7811,1.5980019569396973
2025-11-09T17:26:35.151277,1,29,train,2.2770353051787295,,1e-05,7667,1.608400821685791
2025-11-09T17:26:35.164114,1,30,train,2.5665387525095507,2.7690836753531776,1e-05,7618,1.6212358474731445
2025-11-09T17:26:35.177059,1,31,train,2.5396205643678584,,1e-05,7813,1.6341829299926758
2025-11-09T17:26:35.189877,1,32,train,3.005568477581765,,1e-05,7852,1.6469998359680176
2025-11-09T17:26:35.201740,1,33,train,3.012779326848606,,1e-05,7781,1.6588637828826904
2025-11-09T17:26:35.214678,1,34,train,2.524554635423488,,1e-05,7647,1.6717979907989502
2025-11-09T17:26:35.225588,1,35,train,2.5335758690220858,,1e-05,8474,1.682710886001587
2025-11-09T17:26:35.238440,1,36,train,2.5558680164331316,,1e-05,8338,1.6955618858337402
2025-11-09T17:26:35.249919,1,37,train,3.0000513492018177,,1e-05,7651,1.7070398330688477
2025-11-09T17:26:35.262363,1,38,train,2.5916549134804745,,1e-05,8045,1.7194838523864746
2025-11-09T17:26:35.273874,1,39,train,2.681477202314884,,1e-05,7843,1.73099684715271
2025-11-09T17:26:35.286661,1,40,train,2.5731398274644084,2.6693453893159083,1e-05,8311,1.7437849044799805
2025-11-09T17:26:35.299472,1,41,train,2.889467438909815,,1e-05,8476,1.7565958499908447
2025-11-09T17:26:35.309749,1,42,train,2.554522307325318,,1e-05,7760,1.7668728828430176
2025-11-09T17:26:35.322474,1,43,train,2.762443445914399,,1e-05,8119,1.7795977592468262
2025-11-09T17:26:35.335236,1,44,train,2.3211596595517365,,1e-05,7562,1.7923598289489746
2025-11-09T17:26:35.348016,1,45,train,2.24541602401283,,1e-05,7529,1.8051419258117676
2025-11-09T17:26:35.360724,1,46,train,2.45289432759997,,1e-05,7827,1.817847728729248
2025-11-09T17:26:35.373209,1,47,train,2.416709132285476,,1e-05,8375,1.830331802368164
2025-11-09T17:26:35.385986,1,48,train,2.096611572734723,,1e-05,8178,1.8431119918823242
2025-11-09T17:26:35.398655,1,49,train,2.420462958405237,,1e-05,7847,1.855780839920044
2025-11-09T17:26:35.409383,1,50,train,2.3393853337890844,2.462142231473624,1e-05,7813,1.8665070533752441
2025-11-09T17:26:35.422089,1,51,train,2.248291961105278,,1e-05,7546,1.8792147636413574
2025-11-09T17:26:35.434705,1,52,train,1.8970041085334204,,1e-05,8147,1.8918306827545166
2025-11-09T17:26:35.447350,1,53,train,2.4548772111907886,,1e-05,8405,1.9044737815856934
2025-11-09T17:26:35.460121,1,54,train,2.568132433705908,,1e-05,8289,1.9172449111938477
2025-11-09T17:26:35.470957,1,55,train,1.8773188833657315,,1e-05,8178,1.928081750869751
2025-11-09T17:26:35.481305,1,56,train,2.530533235259245,,1e-05,7973,1.9384288787841797
2025-11-09T17:26:35.494107,1,57,train,2.4553083872440125,,1e-05,7542,1.9512298107147217
2025-11-09T17:26:35.505823,1,58,train,2.6077500850896698,,1e-05,8063,1.9629487991333008
2025-11-09T17:26:35.517049,1,59,train,2.1437869411321433,,1e-05,7997,1.974174976348877
2025-11-09T17:26:35.529778,1,60,train,2.1926664120815653,2.250062033983681,1e-05,7827,1.9869029521942139
2025-11-09T17:26:35.542540,1,61,train,1.975391836720684,,1e-05,8102,1.9996628761291504
2025-11-09T17:26:35.555292,1,62,train,2.079743745548991,,1e-05,8494,2.012417793273926
2025-11-09T17:26:35.567932,1,63,train,2.2234806411799055,,1e-05,7996,2.025057792663574
2025-11-09T17:26:35.579287,1,64,train,2.3244055478877215,,1e-05,7952,2.036411762237549
2025-11-09T17:26:35.591994,1,65,train,2.3268528298566973,,1e-05,7560,2.049118995666504
2025-11-09T17:26:35.604697,1,66,train,2.316681103835967,,1e-05,7860,2.0618228912353516
2025-11-09T17:26:35.617387,1,67,train,2.253498348260233,,1e-05,7729,2.0745108127593994
2025-11-09T17:26:35.628652,1,68,train,2.1011510141157212,,1e-05,8210,2.0857768058776855
2025-11-09T17:26:35.639818,1,69,train,2.401696511970187,,1e-05,7630,2.0969438552856445
2025-11-09T17:26:35.650943,1,70,train,1.825290607606571,1.8654652724001304,1e-05,8381,2.1080687046051025
2025-11-09T17:26:35.662502,1,71,train,2.290965431946512,,1e-05,8197,2.119626998901367
2025-11-09T17:26:35.674363,1,72,train,2.3187605385907757,,1e-05,7780,2.1314878463745117
2025-11-09T17:26:35.686839,1,73,train,2.085923617121084,,1e-05,7694,2.143962860107422
2025-11-09T17:26:35.699561,1,74,train,2.352408498780396,,1e-05,8202,2.156684637069702
2025-11-09T17:26:35.712354,1,75,train,2.3835862829729337,,1e-05,8020,2.169477939605713
2025-11-09T17:26:35.725066,1,76,train,2.0757603892956276,,1e-05,7873,2.182191848754883
2025-11-09T17:26:35.736928,1,77,train,1.92829766759716,,1e-05,7648,2.194051742553711
2025-11-09T17:26:35.749711,1,78,train,1.5973416898411776,,1e-05,7588,2.2068369388580322
2025-11-09T17:26:35.762105,1,79,train,2.3089533884689164,,1e-05,7725,2.2192299365997314
2025-11-09T17:26:35.774839,1,80,train,2.2629778774376064,2.3162766366264473,1e-05,7641,2.2319629192352295
2025-11-09T17:26:35.787647,1,81,train,2.2558492117792492,,1e-05,7652,2.2447707653045654
2025-11-09T17:26:35.798929,1,82,train,1.9306142182719126,,1e-05,7839,2.2560529708862305
2025-11-09T17:26:35.811449,1,83,train,2.328998910771175,,1e-05,7704,2.2685739994049072
2025-11-09T17:26:35.822558,1,84,train,2.386622780800485,,1e-05,8261,2.27968168258667
2025-11-09T17:26:35.835363,1,85,train,2.0827226835315824,,1e-05,8267,2.2924888134002686
2025-11-09T17:26:35.847980,1,86,train,1.9573005818939226,,1e-05,7998,2.3051068782806396
2025-11-09T17:26:35.860599,1,87,train,1.9155295637716874,,1e-05,7865,2.3177237510681152
2025-11-09T17:26:35.873331,1,88,train,2.076010185238188,,1e-05,7962,2.330453872680664
2025-11-09T17:26:35.884036,1,89,train,1.93367578903343,,1e-05,8418,2.3411598205566406
2025-11-09T17:26:35.896734,1,90,train,1.8487958136552216,1.9237403330302418,1e-05,7835,2.353858709335327
2025-11-09T17:26:35.909487,1,91,train,1.8444596571490879,,1e-05,7959,2.366609811782837
2025-11-09T17:26:35.919941,1,92,train,1.7782330960818258,,1e-05,8419,2.377065896987915
2025-11-09T17:26:35.932644,1,93,train,2.032293275913105,,1e-05,7798,2.3897688388824463
2025-11-09T17:26:35.945409,1,94,train,1.9010549997231632,,1e-05,7966,2.4025328159332275
2025-11-09T17:26:35.958241,1,95,train,1.6722120645921104,,1e-05,8470,2.4153647422790527
2025-11-09T17:26:35.970826,1,96,train,2.1330300898380576,,1e-05,8000,2.427950859069824
2025-11-09T17:26:35.983495,1,97,train,2.0623597048632463,,1e-05,7827,2.4406206607818604
2025-11-09T17:26:35.996159,1,98,train,1.992070629536198,,1e-05,8403,2.4532837867736816
2025-11-09T17:26:36.008878,1,99,train,1.9485552137814406,,1e-05,8238,2.466003894805908
2025-11-09T17:26:36.021482,1,100,train,1.9113638219987834,2.060360970160553,1e-05,8263,2.4786078929901123
2025-11-09T17:26:36.031692,1,,epoch,2.410246963443056,2.530759311615209,1e-05,,2.4888148307800293
2025-11-09T17:26:36.035128,2,1,train,2.0331833515974704,,1e-05,7730,2.4922537803649902
2025-11-09T17:26:36.047025,2,2,train,1.6273343239427736,,1e-05,8408,2.504150867462158
2025-11-09T17:26:36.059643,2,3,train,2.0345882865908944,,1e-05,8414,2.516767978668213
2025-11-09T17:26:36.072286,2,4,train,1.702067944728184,,1e-05,8353,2.5294108390808105
2025-11-09T17:26:36.085002,2,5,train,1.691943193434243,,1e-05,8003,2.542127847671509
2025-11-09T17:26:36.097612,2,6,train,1.912397651525182,,1e-05,8213,2.5547378063201904
2025-11-09T17:26:36.110231,2,7,train,2.2398813403262308,,1e-05,7861,2.5673558712005615
2025-11-09T17:26:36.120648,2,8,train,1.7189376307247606,,1e-05,7584,2.577772855758667
2025-11-09T17:26:36.133331,2,9,train,1.2429426333017954,,1e-05,7763,2.5904579162597656
2025-11-09T17:26:36.145951,2,10,train,1.3379013646941331,1.3512879342201185,1e-05,8180,2.6030778884887695
2025-11-09T17:26:36.158585,2,11,train,1.4435812080335697,,1e-05,7549,2.615708827972412
2025-11-09T17:26:36.171419,2,12,train,1.938991579375588,,1e-05,7666,2.6285407543182373
2025-11-09T17:26:36.184216,2,13,train,1.66150648280558,,1e-05,7757,2.6413397789001465
2025-11-09T17:26:36.196970,2,14,train,1.5264689509172273,,1e-05,7772,2.6540937423706055
2025-11-09T17:26:36.209696,2,15,train,1.5456862543282412,,1e-05,7866,2.6668198108673096
2025-11-09T17:26:36.222497,2,16,train,1.938461035749754,,1e-05,7538,2.6796207427978516
2025-11-09T17:26:36.235287,2,17,train,1.6426953697069115,,1e-05,7937,2.6924097537994385
2025-11-09T17:26:36.245856,2,18,train,1.5737946291994787,,1e-05,7931,2.7029788494110107
2025-11-09T17:26:36.256480,2,19,train,1.8318527261057724,,1e-05,7667,2.7136008739471436
2025-11-09T17:26:36.269367,2,20,train,1.5071031871323382,1.5891000097006016,1e-05,7926,2.726489782333374
2025-11-09T17:26:36.282136,2,21,train,1.4464476408293354,,1e-05,7531,2.739259958267212
2025-11-09T17:26:36.293969,2,22,train,1.8724845190635342,,1e-05,8102,2.751093864440918
2025-11-09T17:26:36.306715,2,23,train,1.964632073535161,,1e-05,8166,2.76383900642395
2025-11-09T17:26:36.319553,2,24,train,1.58847132172781,,1e-05,8204,2.776676893234253
2025-11-09T17:26:36.332305,2,25,train,1.7149057901500013,,1e-05,7763,2.7894318103790283
2025-11-09T17:26:36.344966,2,26,train,1.7667758672586298,,1e-05,7558,2.8020927906036377
2025-11-09T17:26:36.357598,2,27,train,1.4659712881455973,,1e-05,7614,2.814722776412964
2025-11-09T17:26:36.370328,2,28,train,1.8258145873897178,,1e-05,8243,2.827453851699829
2025-11-09T17:26:36.382717,2,29,train,1.3859927799520255,,1e-05,8011,2.8398427963256836
2025-11-09T17:26:36.394005,2,30,train,1.3952847425237147,1.4468502565824084,1e-05,8043,2.8511297702789307
2025-11-09T17:26:36.406755,2,31,train,1.5027649991867345,,1e-05,8444,2.8638808727264404
2025-11-09T17:26:36.419353,2,32,train,1.662894324791468,,1e-05,8309,2.876478910446167
2025-11-09T17:26:36.432006,2,33,train,1.6145899200976248,,1e-05,8100,2.889129877090454
2025-11-09T17:26:36.444764,2,34,train,1.5272727136294104,,1e-05,7866,2.9018898010253906
2025-11-09T17:26:36.457409,2,35,train,1.4986029245390882,,1e-05,8168,2.9145357608795166
2025-11-09T17:26:36.470027,2,36,train,1.4710123868935063,,1e-05,7905,2.9271538257598877
2025-11-09T17:26:36.481188,2,37,train,1.602623746156638,,1e-05,7917,2.9383139610290527
2025-11-09T17:26:36.493825,2,38,train,1.6681824867747612,,1e-05,7604,2.950950860977173
2025-11-09T17:26:36.506522,2,39,train,1.493934170136751,,1e-05,7695,2.963643789291382
2025-11-09T17:26:36.518227,2,40,train,1.5755644274343317,1.6096265988938254,1e-05,8149,2.9753506183624268
2025-11-09T17:26:36.530820,2,41,train,1.5762023939783654,,1e-05,8140,2.9879417419433594
2025-11-09T17:26:36.542286,2,42,train,1.432374954314576,,1e-05,7515,2.999408721923828
2025-11-09T17:26:36.554233,2,43,train,1.469272204673536,,1e-05,8067,3.011354923248291
2025-11-09T17:26:36.565509,2,44,train,1.5433057510634907,,1e-05,8327,3.0226340293884277
2025-11-09T17:26:36.577588,2,45,train,1.4950829284688398,,1e-05,7523,3.034709930419922
2025-11-09T17:26:36.588244,2,46,train,1.6022165810190432,,1e-05,8231,3.04536771774292
2025-11-09T17:26:36.600863,2,47,train,1.4349771072620816,,1e-05,8395,3.0579850673675537
2025-11-09T17:26:36.612415,2,48,train,1.5659629159893866,,1e-05,8084,3.0695369243621826
2025-11-09T17:26:36.625364,2,49,train,1.4073392960544864,,1e-05,7585,3.0824878215789795
2025-11-09T17:26:36.636746,2,50,train,1.5303714915616164,1.6118291855187974,1e-05,7914,3.093869686126709
2025-11-09T17:26:36.648130,2,51,train,1.1945088382908275,,1e-05,7862,3.105254888534546
2025-11-09T17:26:36.660846,2,52,train,1.3261519214077173,,1e-05,8411,3.1179678440093994
2025-11-09T17:26:36.673594,2,53,train,1.0707087665244013,,1e-05,8162,3.1307179927825928
2025-11-09T17:26:36.686498,2,54,train,1.3617880438346164,,1e-05,8008,3.1436197757720947
2025-11-09T17:26:36.699279,2,55,train,1.5067669127730825,,1e-05,8208,3.1564018726348877
2025-11-09T17:26:36.712206,2,56,train,1.1946806382640929,,1e-05,8183,3.169329881668091
2025-11-09T17:26:36.725023,2,57,train,1.4112036109690762,,1e-05,8290,3.182145833969116
2025-11-09T17:26:36.737957,2,58,train,1.3828407705708294,,1e-05,8432,3.1950809955596924
2025-11-09T17:26:36.750715,2,59,train,1.2808370320500708,,1e-05,8371,3.207840919494629
2025-11-09T17:26:36.763413,2,60,train,1.5467489728959558,1.5525981768329207,1e-05,8248,3.2205348014831543
2025-11-09T17:26:36.776421,2,61,train,1.1926535513319854,,1e-05,8384,3.2335469722747803
2025-11-09T17:26:36.789173,2,62,train,1.4948838641078217,,1e-05,8271,3.2462949752807617
2025-11-09T17:26:36.800500,2,63,train,1.3911106891711051,,1e-05,8098,3.2576229572296143
2025-11-09T17:26:36.813485,2,64,train,1.5190348001413567,,1e-05,7630,3.2706077098846436
2025-11-09T17:26:36.825701,2,65,train,1.4295999335029648,,1e-05,8420,3.2828218936920166
2025-11-09T17:26:36.838776,2,66,train,1.5080658625827656,,1e-05,8082,3.2958977222442627
2025-11-09T17:26:36.851784,2,67,train,1.1547780920619288,,1e-05,7880,3.308905839920044
2025-11-09T17:26:36.864869,2,68,train,1.385016008464163,,1e-05,8382,3.321986675262451
2025-11-09T17:26:36.875953,2,69,train,1.1420100344122714,,1e-05,8494,3.333073854446411
2025-11-09T17:26:36.887542,2,70,train,1.4386011114136177,1.551849659357628,1e-05,7500,3.3446648120880127
2025-11-09T17:26:36.900703,2,71,train,1.3301244187771306,,1e-05,7519,3.357825756072998
2025-11-09T17:26:36.913672,2,72,train,1.419532424859394,,1e-05,8093,3.370795965194702
2025-11-09T17:26:36.926564,2,73,train,1.371162318543632,,1e-05,7873,3.3836889266967773
2025-11-09T17:26:36.939419,2,74,train,1.3316103012931542,,1e-05,8086,3.3965418338775635
2025-11-09T17:26:36.952386,2,75,train,1.1129853527034363,,1e-05,7796,3.40950870513916
2025-11-09T17:26:36.965278,2,76,train,1.279300486324719,,1e-05,8261,3.4223999977111816
2025-11-09T17:26:36.978310,2,77,train,1.131825761726792,,1e-05,8457,3.435431957244873
2025-11-09T17:26:36.990430,2,78,train,1.1284367855485955,,1e-05,8242,3.44755482673645
2025-11-09T17:26:37.003198,2,79,train,1.10228879704453,,1e-05,8387,3.460319995880127
2025-11-09T17:26:37.016168,2,80,train,1.2344407647272893,1.3131314220620125,1e-05,7520,3.4732909202575684
2025-11-09T17:26:37.029199,2,81,train,1.304238031185625,,1e-05,8367,3.486323833465576
2025-11-09T17:26:37.040978,2,82,train,1.3350581841686413,,1e-05,7770,3.4980998039245605
2025-11-09T17:26:37.053948,2,83,train,1.2123936312670252,,1e-05,7718,3.5110719203948975
2025-11-09T17:26:37.066839,2,84,train,0.9536411191794099,,1e-05,7603,3.5239648818969727
2025-11-09T17:26:37.079558,2,85,train,1.0932900916491655,,1e-05,8082,3.536679983139038
2025-11-09T17:26:37.092559,2,86,train,1.1668279585788626,,1e-05,8429,3.5496819019317627
2025-11-09T17:26:37.104929,2,87,train,1.1861689284343406,,1e-05,7631,3.562027931213379
2025-11-09T17:26:37.117716,2,88,train,1.3202841967888386,,1e-05,7670,3.5748379230499268
2025-11-09T17:26:37.130308,2,89,train,1.1563232062168287,,1e-05,8472,3.587427854537964
2025-11-09T17:26:37.143359,2,90,train,1.1052048730999848,1.1344259240104753,1e-05,8337,3.6004810333251953
2025-11-09T17:26:37.156393,2,91,train,1.1678499151668422,,1e-05,8377,3.6135177612304688
2025-11-09T17:26:37.169216,2,92,train,0.9769778402874187,,1e-05,7622,3.626337766647339
2025-11-09T17:26:37.182218,2,93,train,1.1030280474524556,,1e-05,7583,3.639342784881592
2025-11-09T17:26:37.195027,2,94,train,1.0843463136067117,,1e-05,8350,3.6521518230438232
2025-11-09T17:26:37.207761,2,95,train,1.2648745532264458,,1e-05,8207,3.664885997772217
2025-11-09T17:26:37.220417,2,96,train,1.2506339403269406,,1e-05,8093,3.677541732788086
2025-11-09T17:26:37.233200,2,97,train,1.0869633661032245,,1e-05,8179,3.690323829650879
2025-11-09T17:26:37.245969,2,98,train,1.1727331572519957,,1e-05,8085,3.7030930519104004
2025-11-09T17:26:37.258734,2,99,train,1.059863425363182,,1e-05,8400,3.715857982635498
2025-11-09T17:26:37.271486,2,100,train,1.2770842400122049,1.3092677686226049,1e-05,7704,3.728609800338745
2025-11-09T17:26:37.284369,2,,epoch,1.439041293645068,1.5109933583273216,1e-05,,3.741475820541382
2025-11-09T17:26:43.003014,0,1,train,5.543410077326832,,1e-05,7837,3.1948089599609375e-05
2025-11-09T17:26:43.015768,0,2,train,5.644371440300393,,1e-05,8140,0.012788057327270508
2025-11-09T17:26:43.028408,0,3,train,5.897096430923416,,1e-05,8482,0.025428056716918945
2025-11-09T17:26:43.041047,0,4,train,5.299752687044595,,1e-05,7701,0.03806495666503906
2025-11-09T17:26:43.053760,0,5,train,5.206272094228777,,1e-05,8139,0.05077981948852539
2025-11-09T17:26:43.066374,0,6,train,5.135947444140585,,1e-05,8301,0.06339406967163086
2025-11-09T17:26:43.078995,0,7,train,4.575703599942407,,1e-05,8423,0.07601380348205566
2025-11-09T17:26:43.090539,0,8,train,5.143717736514783,,1e-05,7914,0.08755683898925781
2025-11-09T17:26:43.103289,0,9,train,3.849244682563737,,1e-05,8001,0.10030913352966309
2025-11-09T17:26:43.115933,0,10,train,4.467729731498756,4.62237836925224,1e-05,8404,0.11295294761657715
2025-11-09T17:26:43.128070,0,11,train,4.61501632022032,,1e-05,7632,0.12508797645568848
2025-11-09T17:26:43.140857,0,12,train,5.236889267052684,,1e-05,8130,0.1378769874572754
2025-11-09T17:26:43.153502,0,13,train,4.61783491496186,,1e-05,7669,0.15052294731140137
2025-11-09T17:26:43.166152,0,14,train,4.376819876672878,,1e-05,7785,0.16317009925842285
2025-11-09T17:26:43.178971,0,15,train,4.383812971520023,,1e-05,7817,0.17599105834960938
2025-11-09T17:26:43.191524,0,16,train,4.676824834988847,,1e-05,7819,0.18854403495788574
2025-11-09T17:26:43.204193,0,17,train,4.373002112181245,,1e-05,7681,0.20121288299560547
2025-11-09T17:26:43.216865,0,18,train,4.344451847270631,,1e-05,7676,0.21388506889343262
2025-11-09T17:26:43.229472,0,19,train,4.965189922664071,,1e-05,7911,0.22649192810058594
2025-11-09T17:26:43.242108,0,20,train,4.281659002589292,4.69751237271485,1e-05,7682,0.23912715911865234
2025-11-09T17:26:43.254961,0,21,train,4.778012179176575,,1e-05,7656,0.25197792053222656
2025-11-09T17:26:43.267920,0,22,train,4.813738297223221,,1e-05,8114,0.2649390697479248
2025-11-09T17:26:43.280785,0,23,train,4.522489220019894,,1e-05,8335,0.2778029441833496
2025-11-09T17:26:43.293664,0,24,train,3.735509843184759,,1e-05,7954,0.290679931640625
2025-11-09T17:26:43.306815,0,25,train,4.448416569566843,,1e-05,7795,0.3038318157196045
2025-11-09T17:26:43.318473,0,26,train,4.690532901332474,,1e-05,7925,0.3154928684234619
2025-11-09T17:26:43.331216,0,27,train,5.3604928843679325,,1e-05,7547,0.3282308578491211
2025-11-09T17:26:43.342522,0,28,train,4.9939179676480325,,1e-05,7752,0.3395390510559082
2025-11-09T17:26:43.354069,0,29,train,4.730467260850069,,1e-05,7953,0.35108494758605957
2025-11-09T17:26:43.365947,0,30,train,4.766937295420089,4.822419463797375,1e-05,8155,0.3629629611968994
2025-11-09T17:26:43.377646,0,31,train,5.227206801887764,,1e-05,8221,0.374661922454834
2025-11-09T17:26:43.390614,0,32,train,4.639678172266959,,1e-05,8190,0.3876309394836426
2025-11-09T17:26:43.403530,0,33,train,3.60870766746019,,1e-05,8052,0.40054988861083984
2025-11-09T17:26:43.416218,0,34,train,4.05085135267135,,1e-05,7507,0.41323399543762207
2025-11-09T17:26:43.427037,0,35,train,4.4317520920009565,,1e-05,8488,0.4240550994873047
2025-11-09T17:26:43.439595,0,36,train,4.58072001664571,,1e-05,8276,0.4366109371185303
2025-11-09T17:26:43.450340,0,37,train,3.1257110438388014,,1e-05,7958,0.4473538398742676
2025-11-09T17:26:43.463473,0,38,train,3.9679154687937914,,1e-05,7500,0.46048688888549805
2025-11-09T17:26:43.476594,0,39,train,3.6811952419331275,,1e-05,7683,0.47361111640930176
2025-11-09T17:26:43.489594,0,40,train,4.384650073289438,4.681071034097157,1e-05,7842,0.48661303520202637
2025-11-09T17:26:43.502370,0,41,train,3.936818609219115,,1e-05,8295,0.4993858337402344
2025-11-09T17:26:43.513966,0,42,train,4.120623532332481,,1e-05,8333,0.510983943939209
2025-11-09T17:26:43.525427,0,43,train,4.03469052193613,,1e-05,7813,0.5224430561065674
2025-11-09T17:26:43.538304,0,44,train,4.766262210824064,,1e-05,7830,0.535322904586792
2025-11-09T17:26:43.551034,0,45,train,4.011238692171452,,1e-05,8045,0.5480499267578125
2025-11-09T17:26:43.563342,0,46,train,4.139831146871816,,1e-05,7599,0.560359001159668
2025-11-09T17:26:43.574843,0,47,train,3.8627824048644723,,1e-05,7999,0.571861982345581
2025-11-09T17:26:43.587597,0,48,train,3.8391078493540967,,1e-05,7545,0.5846128463745117
2025-11-09T17:26:43.600638,0,49,train,3.8394205565069592,,1e-05,8290,0.5976557731628418
2025-11-09T17:26:43.612461,0,50,train,3.5906260470809728,3.8196503534745667,1e-05,7905,0.6094768047332764
2025-11-09T17:26:43.624777,0,51,train,4.1237488192471705,,1e-05,8246,0.6217949390411377
2025-11-09T17:26:43.636186,0,52,train,3.5333155294795278,,1e-05,8387,0.6332030296325684
2025-11-09T17:26:43.649187,0,53,train,3.968586851827187,,1e-05,7591,0.6462039947509766
2025-11-09T17:26:43.662234,0,54,train,3.5789126579083614,,1e-05,8171,0.659250020980835
2025-11-09T17:26:43.673659,0,55,train,4.144770964543302,,1e-05,8477,0.6706769466400146
2025-11-09T17:26:43.685011,0,56,train,3.587410470736504,,1e-05,8361,0.6820287704467773
2025-11-09T17:26:43.696270,0,57,train,3.0888269349227917,,1e-05,8212,0.6932899951934814
2025-11-09T17:26:43.709036,0,58,train,2.7092974553314457,,1e-05,7644,0.7060527801513672
2025-11-09T17:26:43.722005,0,59,train,4.075634375033383,,1e-05,8114,0.7190217971801758
2025-11-09T17:26:43.735096,0,60,train,3.7679221685373263,3.855775979581615,1e-05,8095,0.732109785079956
2025-11-09T17:26:43.748337,0,61,train,3.9271347712368376,,1e-05,7858,0.7453498840332031
2025-11-09T17:26:43.761342,0,62,train,4.3139896876770205,,1e-05,7729,0.7583599090576172
2025-11-09T17:26:43.774158,0,63,train,3.1203122827468945,,1e-05,7886,0.7711739540100098
2025-11-09T17:26:43.786058,0,64,train,4.056595868274398,,1e-05,7934,0.7830719947814941
2025-11-09T17:26:43.799165,0,65,train,3.643165580188304,,1e-05,7874,0.7961790561676025
2025-11-09T17:26:43.812219,0,66,train,3.6144254676053373,,1e-05,8455,0.8092360496520996
2025-11-09T17:26:43.825187,0,67,train,3.933135668588904,,1e-05,8205,0.8222019672393799
2025-11-09T17:26:43.838068,0,68,train,3.258830963844163,,1e-05,7825,0.8350858688354492
2025-11-09T17:26:43.850161,0,69,train,3.7577709804786705,,1e-05,8483,0.8471779823303223
2025-11-09T17:26:43.861034,0,70,train,2.663497242583371,2.674050137810344,1e-05,8051,0.8580539226531982
2025-11-09T17:26:43.873789,0,71,train,3.925974017988178,,1e-05,8122,0.8708059787750244
2025-11-09T17:26:43.886294,0,72,train,2.984393554369718,,1e-05,7642,0.8833107948303223
2025-11-09T17:26:43.899270,0,73,train,2.9179937727897,,1e-05,7953,0.8962838649749756
2025-11-09T17:26:43.912184,0,74,train,3.6273750767660053,,1e-05,7788,0.909203052520752
2025-11-09T17:26:43.924957,0,75,train,3.270162119198162,,1e-05,7877,0.9219729900360107
2025-11-09T17:26:43.937905,0,76,train,3.4973981774320326,,1e-05,8196,0.9349219799041748
2025-11-09T17:26:43.949033,0,77,train,3.467460097761945,,1e-05,7920,0.946051836013794
2025-11-09T17:26:43.961721,0,78,train,3.5486389710905057,,1e-05,8396,0.9587368965148926
2025-11-09T17:26:43.973471,0,79,train,3.699924923229788,,1e-05,8457,0.9704887866973877
2025-11-09T17:26:43.986384,0,80,train,3.4365976860315577,3.651446973856729,1e-05,7811,0.9834041595458984
2025-11-09T17:26:43.999115,0,81,train,3.561147987501318,,1e-05,8117,0.9961299896240234
2025-11-09T17:26:44.012073,0,82,train,3.4659546735662907,,1e-05,8344,1.0090889930725098
2025-11-09T17:26:44.024862,0,83,train,2.8669955887466902,,1e-05,8452,1.0218780040740967
2025-11-09T17:26:44.036687,0,84,train,3.55840361648701,,1e-05,8198,1.0337059497833252
2025-11-09T17:26:44.049448,0,85,train,2.938336260991882,,1e-05,8218,1.0464630126953125
2025-11-09T17:26:44.061855,0,86,train,3.178213927881796,,1e-05,7840,1.0588717460632324
2025-11-09T17:26:44.074821,0,87,train,3.3832806023534,,1e-05,8211,1.0718410015106201
2025-11-09T17:26:44.087563,0,88,train,3.1062956801648345,,1e-05,7787,1.084578037261963
2025-11-09T17:26:44.100511,0,89,train,2.902542714343707,,1e-05,7911,1.0975277423858643
2025-11-09T17:26:44.113393,0,90,train,2.9597319635517243,3.136018861162538,1e-05,8307,1.1104130744934082
2025-11-09T17:26:44.126090,0,91,train,2.806921223867048,,1e-05,8452,1.1231060028076172
2025-11-09T17:26:44.139025,0,92,train,3.704203041139943,,1e-05,7632,1.1360421180725098
2025-11-09T17:26:44.151956,0,93,train,3.6651252229879576,,1e-05,8024,1.148972749710083
2025-11-09T17:26:44.164757,0,94,train,3.45632972048457,,1e-05,8371,1.161773920059204
2025-11-09T17:26:44.177493,0,95,train,3.382559536386853,,1e-05,7870,1.1745128631591797
2025-11-09T17:26:44.190142,0,96,train,3.49405256469866,,1e-05,8328,1.187159776687622
2025-11-09T17:26:44.202948,0,97,train,3.3937591168082286,,1e-05,7835,1.199965000152588
2025-11-09T17:26:44.215817,0,98,train,2.7727472257838492,,1e-05,8329,1.2128348350524902
2025-11-09T17:26:44.226180,0,99,train,2.520598402353161,,1e-05,7824,1.2231979370117188
2025-11-09T17:26:44.238972,0,100,train,3.2433397755512594,3.494185721022585,1e-05,7901,1.235987901687622
2025-11-09T17:26:44.251939,0,,epoch,3.969187928984444,4.167647325433666,1e-05,,1.2489538192749023
2025-11-09T17:26:44.253948,1,1,train,2.4427959936307087,,1e-05,7573,1.2509677410125732
2025-11-09T17:26:44.266580,1,2,train,2.9052095329960967,,1e-05,8041,1.263598918914795
2025-11-09T17:26:44.279383,1,3,train,3.325271454552886,,1e-05,8350,1.276397943496704
2025-11-09T17:26:44.291591,1,4,train,2.2525009147494828,,1e-05,8249,1.2886090278625488
2025-11-09T17:26:44.304305,1,5,train,2.9176170784436968,,1e-05,8111,1.3013241291046143
2025-11-09T17:26:44.317061,1,6,train,2.7528649510826066,,1e-05,7678,1.3140790462493896
2025-11-09T17:26:44.329831,1,7,train,2.8282293593827683,,1e-05,8350,1.3268508911132812
2025-11-09T17:26:44.342455,1,8,train,3.0130381970613076,,1e-05,7714,1.3394749164581299
2025-11-09T17:26:44.355081,1,9,train,2.6207509626950203,,1e-05,8240,1.3521018028259277
2025-11-09T17:26:44.365343,1,10,train,2.7445928079399837,3.0154386916383817,1e-05,8058,1.3623628616333008
2025-11-09T17:26:44.377137,1,11,train,2.764813023954293,,1e-05,7675,1.374157190322876
2025-11-09T17:26:44.389800,1,12,train,3.175337977806237,,1e-05,8328,1.386819839477539
2025-11-09T17:26:44.402423,1,13,train,3.075063344620349,,1e-05,7920,1.3994429111480713
2025-11-09T17:26:44.415152,1,14,train,2.915990179364349,,1e-05,8469,1.4121720790863037
2025-11-09T17:26:44.427783,1,15,train,2.170698735202421,,1e-05,8240,1.4248027801513672
2025-11-09T17:26:44.440415,1,16,train,2.749894017130661,,1e-05,8191,1.4374289512634277
2025-11-09T17:26:44.453068,1,17,train,2.706064693927206,,1e-05,7534,1.4500880241394043
2025-11-09T17:26:44.464338,1,18,train,2.8299952723886,,1e-05,8358,1.4613568782806396
2025-11-09T17:26:44.476995,1,19,train,3.1085909021292175,,1e-05,8196,1.4740149974822998
2025-11-09T17:26:44.489634,1,20,train,2.8098368904457405,3.0777850721860474,1e-05,8338,1.4866540431976318
2025-11-09T17:26:44.502306,1,21,train,2.237954336147407,,1e-05,8461,1.4993259906768799
2025-11-09T17:26:44.515016,1,22,train,2.9366027664585075,,1e-05,7723,1.5120320320129395
2025-11-09T17:26:44.526082,1,23,train,2.47646257094541,,1e-05,7656,1.5230979919433594
2025-11-09T17:26:44.538886,1,24,train,3.222913921416077,,1e-05,8369,1.5358998775482178
2025-11-09T17:26:44.551896,1,25,train,2.6799024879270714,,1e-05,7864,1.5489108562469482
2025-11-09T17:26:44.564867,1,26,train,2.801076322949156,,1e-05,7824,1.5618829727172852
2025-11-09T17:26:44.577856,1,27,train,2.1544706283296233,,1e-05,7928,1.5748710632324219
2025-11-09T17:26:44.590805,1,28,train,2.3320395139933265,,1e-05,8277,1.5878229141235352
2025-11-09T17:26:44.602908,1,29,train,2.6756142331598727,,1e-05,8437,1.5999259948730469
2025-11-09T17:26:44.614287,1,30,train,2.6653623672248807,2.7544729806572477,1e-05,8296,1.611307144165039
2025-11-09T17:26:44.625527,1,31,train,2.48375072656643,,1e-05,8195,1.6225428581237793
2025-11-09T17:26:44.636673,1,32,train,2.8375016779018827,,1e-05,8254,1.6336898803710938
2025-11-09T17:26:44.648123,1,33,train,3.034991786207384,,1e-05,7739,1.6451380252838135
2025-11-09T17:26:44.659682,1,34,train,2.2447048548262845,,1e-05,8368,1.6566989421844482
2025-11-09T17:26:44.671105,1,35,train,2.0611148203757272,,1e-05,8354,1.6681239604949951
2025-11-09T17:26:44.681726,1,36,train,2.5229331306031018,,1e-05,7573,1.678743839263916
2025-11-09T17:26:44.694628,1,37,train,2.421020372772015,,1e-05,7519,1.6916449069976807
2025-11-09T17:26:44.707200,1,38,train,2.1790957721977335,,1e-05,8226,1.7042198181152344
2025-11-09T17:26:44.719958,1,39,train,1.9898948608460807,,1e-05,7724,1.716972827911377
2025-11-09T17:26:44.732965,1,40,train,2.6577982928700465,2.90988736582262,1e-05,8196,1.7299818992614746
2025-11-09T17:26:44.745926,1,41,train,2.7099056140843594,,1e-05,7848,1.7429461479187012
2025-11-09T17:26:44.756191,1,42,train,2.3715106642884254,,1e-05,8083,1.7532069683074951
2025-11-09T17:26:44.766916,1,43,train,2.274020809543536,,1e-05,7619,1.763929843902588
2025-11-09T17:26:44.780005,1,44,train,1.9577621777332372,,1e-05,8097,1.77701997756958
2025-11-09T17:26:44.790602,1,45,train,2.2806550236452807,,1e-05,8147,1.7876207828521729
2025-11-09T17:26:44.803379,1,46,train,2.0008087566518236,,1e-05,8362,1.800394058227539
2025-11-09T17:26:44.816392,1,47,train,2.369369783518145,,1e-05,8040,1.8134090900421143
2025-11-09T17:26:44.827970,1,48,train,2.489037437357054,,1e-05,7691,1.824983835220337
2025-11-09T17:26:44.840982,1,49,train,2.4216833563889866,,1e-05,7584,1.837998867034912
2025-11-09T17:26:44.851589,1,50,train,2.226741720637643,2.3387736406511577,1e-05,7984,1.8486018180847168
2025-11-09T17:26:44.864955,1,51,train,2.582738212598764,,1e-05,7539,1.8619709014892578
2025-11-09T17:26:44.877949,1,52,train,2.534880520923499,,1e-05,8116,1.8749687671661377
2025-11-09T17:26:44.890667,1,53,train,2.4221234984575712,,1e-05,8408,1.8876829147338867
2025-11-09T17:26:44.903652,1,54,train,1.874408946859059,,1e-05,8465,1.900670051574707
2025-11-09T17:26:44.916510,1,55,train,2.1895484001040324,,1e-05,8304,1.9135308265686035
2025-11-09T17:26:44.929212,1,56,train,2.315277275167989,,1e-05,8074,1.9262280464172363
2025-11-09T17:26:44.942200,1,57,train,2.1381774420435704,,1e-05,7810,1.9392168521881104
2025-11-09T17:26:44.955056,1,58,train,1.889378713844736,,1e-05,7806,1.9520759582519531
2025-11-09T17:26:44.967765,1,59,train,2.7429063141978856,,1e-05,8131,1.9647808074951172
2025-11-09T17:26:44.978623,1,60,train,2.3902506674638775,2.5212283692077535,1e-05,7860,1.9756407737731934
2025-11-09T17:26:44.989782,1,61,train,2.3850382024719825,,1e-05,7715,1.9867987632751465
2025-11-09T17:26:45.001266,1,62,train,1.8073572257027655,,1e-05,8285,1.998284101486206
2025-11-09T17:26:45.014129,1,63,train,2.582673512643077,,1e-05,8084,2.0111448764801025
2025-11-09T17:26:45.027120,1,64,train,2.7626790631585165,,1e-05,7923,2.0241379737854004
2025-11-09T17:26:45.040045,1,65,train,1.676850928929762,,1e-05,7507,2.0370640754699707
2025-11-09T17:26:45.052765,1,66,train,2.179381955891755,,1e-05,8189,2.0497798919677734
2025-11-09T17:26:45.064257,1,67,train,2.1854188013213496,,1e-05,7917,2.0612738132476807
2025-11-09T17:26:45.077259,1,68,train,1.7698785829652448,,1e-05,8278,2.074277877807617
2025-11-09T17:26:45.089948,1,69,train,2.1486725507776496,,1e-05,8170,2.0869638919830322
2025-11-09T17:26:45.102919,1,70,train,2.4167255096738165,2.5873207178284736,1e-05,8273,2.0999369621276855
2025-11-09T17:26:45.115793,1,71,train,1.8547812497448375,,1e-05,7665,2.1128079891204834
2025-11-09T17:26:45.128683,1,72,train,2.0495232523093163,,1e-05,8089,2.1256988048553467
2025-11-09T17:26:45.139729,1,73,train,1.8399268418806711,,1e-05,7878,2.136747121810913
2025-11-09T17:26:45.152637,1,74,train,2.1812731034377237,,1e-05,8226,2.1496529579162598
2025-11-09T17:26:45.163975,1,75,train,2.004791661184143,,1e-05,7508,2.1609930992126465
2025-11-09T17:26:45.176759,1,76,train,2.074735714162514,,1e-05,7582,2.1737749576568604
2025-11-09T17:26:45.189510,1,77,train,1.8405375370677926,,1e-05,8095,2.1865291595458984
2025-11-09T17:26:45.202201,1,78,train,2.5838541958402663,,1e-05,8190,2.1992180347442627
2025-11-09T17:26:45.213246,1,79,train,2.539109530824977,,1e-05,8115,2.2102620601654053
2025-11-09T17:26:45.224757,1,80,train,2.3685734431888608,2.39236197833262,1e-05,7985,2.221773147583008
2025-11-09T17:26:45.237703,1,81,train,2.2207928784149997,,1e-05,7903,2.234718084335327
2025-11-09T17:26:45.250658,1,82,train,1.783146070004397,,1e-05,8371,2.2476749420166016
2025-11-09T17:26:45.263479,1,83,train,2.418224002474028,,1e-05,7927,2.2604968547821045
2025-11-09T17:26:45.276271,1,84,train,2.242240835984361,,1e-05,7655,2.2732889652252197
2025-11-09T17:26:45.289013,1,85,train,1.6967630190256116,,1e-05,7978,2.28603196144104
2025-11-09T17:26:45.301730,1,86,train,2.2776554618493856,,1e-05,7679,2.2987499237060547
2025-11-09T17:26:45.314406,1,87,train,1.8025224754727702,,1e-05,7813,2.3114261627197266
2025-11-09T17:26:45.327114,1,88,train,1.8460929569001874,,1e-05,8266,2.324131965637207
2025-11-09T17:26:45.338774,1,89,train,1.8665693370692171,,1e-05,8493,2.335793972015381
2025-11-09T17:26:45.351430,1,90,train,2.0684276983194776,2.247149113032019,1e-05,8010,2.348450183868408
2025-11-09T17:26:45.364061,1,91,train,2.33899021215153,,1e-05,7557,2.3610808849334717
2025-11-09T17:26:45.376407,1,92,train,1.6945800405638005,,1e-05,7732,2.3734259605407715
2025-11-09T17:26:45.389142,1,93,train,1.9603667957750985,,1e-05,8138,2.386162042617798
2025-11-09T17:26:45.401758,1,94,train,2.1139290355029274,,1e-05,8410,2.3987789154052734
2025-11-09T17:26:45.414423,1,95,train,1.5980582083734638,,1e-05,7608,2.4114420413970947
2025-11-09T17:26:45.427204,1,96,train,2.040673384956163,,1e-05,7882,2.4242241382598877
2025-11-09T17:26:45.439887,1,97,train,1.6445068803694645,,1e-05,7892,2.436908006668091
2025-11-09T17:26:45.452514,1,98,train,1.827351294559607,,1e-05,8267,2.449532985687256
2025-11-09T17:26:45.465279,1,99,train,1.778459422293844,,1e-05,7608,2.46229887008667
2025-11-09T17:26:45.476731,1,100,train,1.6452273814104599,1.676539689754822,1e-05,7883,2.4737510681152344
2025-11-09T17:26:45.489409,1,,epoch,2.3502190732337893,2.4677300268954787,1e-05,,2.48642897605896
2025-11-09T17:26:45.493057,2,1,train,1.6620910893554597,,1e-05,8060,2.4900758266448975
2025-11-09T17:26:45.505720,2,2,train,1.811352855653124,,1e-05,7504,2.502739906311035
2025-11-09T17:26:45.518381,2,3,train,1.7473751499276127,,1e-05,8431,2.5153968334198
2025-11-09T17:26:45.531306,2,4,train,2.1660898515502183,,1e-05,8242,2.52832293510437
2025-11-09T17:26:45.544174,2,5,train,1.6910057580291087,,1e-05,7900,2.5411930084228516
2025-11-09T17:26:45.556910,2,6,train,1.7427296643541892,,1e-05,8171,2.5539259910583496
2025-11-09T17:26:45.569830,2,7,train,1.7460739039713984,,1e-05,7937,2.566848039627075
2025-11-09T17:26:45.582013,2,8,train,1.8925579507503727,,1e-05,7631,2.5790319442749023
2025-11-09T17:26:45.593215,2,9,train,1.805140583280586,,1e-05,8293,2.59023118019104
2025-11-09T17:26:45.604684,2,10,train,1.5825094060612914,1.6491899694648873,1e-05,7950,2.601700782775879
2025-11-09T17:26:45.617691,2,11,train,1.6446069709666455,,1e-05,7576,2.6147069931030273
2025-11-09T17:26:45.629452,2,12,train,1.3212647209653694,,1e-05,7808,2.626465082168579
2025-11-09T17:26:45.642532,2,13,train,1.682934219164691,,1e-05,7543,2.6395490169525146
2025-11-09T17:26:45.655508,2,14,train,1.4900692055332743,,1e-05,7689,2.6525230407714844
2025-11-09T17:26:45.668662,2,15,train,1.8936333613770187,,1e-05,7765,2.665677070617676
2025-11-09T17:26:45.681730,2,16,train,1.8296667805219482,,1e-05,7878,2.678743839263916
2025-11-09T17:26:45.694773,2,17,train,1.9115980190348205,,1e-05,7830,2.6917898654937744
2025-11-09T17:26:45.706261,2,18,train,1.7052031442100408,,1e-05,7763,2.703279972076416
2025-11-09T17:26:45.719093,2,19,train,1.689612718201316,,1e-05,7796,2.7161080837249756
2025-11-09T17:26:45.732086,2,20,train,1.5073949336701153,1.5762904937889923,1e-05,8201,2.729104995727539
2025-11-09T17:26:45.744867,2,21,train,1.9835613587953311,,1e-05,7770,2.741881847381592
2025-11-09T17:26:45.757823,2,22,train,1.7172906727747548,,1e-05,7905,2.75484299659729
2025-11-09T17:26:45.770538,2,23,train,1.4496030040581303,,1e-05,8172,2.7675540447235107
2025-11-09T17:26:45.783527,2,24,train,1.7088793231170618,,1e-05,7605,2.7805469036102295
2025-11-09T17:26:45.796290,2,25,train,1.5910790248234064,,1e-05,8370,2.7933058738708496
2025-11-09T17:26:45.809296,2,26,train,1.8459666873678315,,1e-05,7979,2.806313991546631
2025-11-09T17:26:45.822172,2,27,train,1.6819628684234182,,1e-05,8293,2.8191919326782227
2025-11-09T17:26:45.834893,2,28,train,1.3410425702457123,,1e-05,7874,2.831908941268921
2025-11-09T17:26:45.845569,2,29,train,1.6888066267587458,,1e-05,8009,2.8425869941711426
2025-11-09T17:26:45.858553,2,30,train,1.7445653566189971,1.8431456348947632,1e-05,8023,2.8555688858032227
2025-11-09T17:26:45.871572,2,31,train,1.6416446229347148,,1e-05,8487,2.8685851097106934
2025-11-09T17:26:45.884598,2,32,train,1.5794891155611577,,1e-05,8337,2.8816139698028564
2025-11-09T17:26:45.897675,2,33,train,1.785494175375744,,1e-05,8052,2.894690752029419
2025-11-09T17:26:45.909787,2,34,train,1.5645648476801635,,1e-05,7775,2.90680193901062
2025-11-09T17:26:45.922772,2,35,train,1.5474875237443098,,1e-05,8342,2.9197897911071777
2025-11-09T17:26:45.933518,2,36,train,1.4210816668031296,,1e-05,7670,2.9305360317230225
2025-11-09T17:26:45.946491,2,37,train,1.5491116974797066,,1e-05,8024,2.943510055541992
2025-11-09T17:26:45.959285,2,38,train,1.5409053129991108,,1e-05,7621,2.956300973892212
2025-11-09T17:26:45.972211,2,39,train,1.4567175682573537,,1e-05,8101,2.969228982925415
2025-11-09T17:26:45.985082,2,40,train,1.5516353246832508,1.674891568729157,1e-05,8410,2.9821009635925293
2025-11-09T17:26:45.997884,2,41,train,1.7037228091506305,,1e-05,8230,2.9948999881744385
2025-11-09T17:26:46.009521,2,42,train,1.523591800305668,,1e-05,7928,3.006537914276123
2025-11-09T17:26:46.022443,2,43,train,1.3794498555096322,,1e-05,8364,3.019458770751953
2025-11-09T17:26:46.035404,2,44,train,1.4890548725444315,,1e-05,7691,3.0324180126190186
2025-11-09T17:26:46.045993,2,45,train,1.5178730426444786,,1e-05,7647,3.0430068969726562
2025-11-09T17:26:46.059027,2,46,train,1.441555752680926,,1e-05,7539,3.056041955947876
2025-11-09T17:26:46.072077,2,47,train,1.6232376800563575,,1e-05,8311,3.069091796875
2025-11-09T17:26:46.085075,2,48,train,1.5062534108440917,,1e-05,8073,3.0820910930633545
2025-11-09T17:26:46.098033,2,49,train,1.5636537319663244,,1e-05,8054,3.095050096511841
2025-11-09T17:26:46.111081,2,50,train,1.392585013432171,1.4865131655033406,1e-05,8179,3.108093023300171
2025-11-09T17:26:46.124153,2,51,train,1.598434757759434,,1e-05,7825,3.1211719512939453
2025-11-09T17:26:46.137028,2,52,train,1.547862949998246,,1e-05,7897,3.134044885635376
2025-11-09T17:26:46.150133,2,53,train,1.5437504996093891,,1e-05,7760,3.147145986557007
2025-11-09T17:26:46.163330,2,54,train,1.2563476381026495,,1e-05,7747,3.1603410243988037
2025-11-09T17:26:46.176526,2,55,train,1.364042988857776,,1e-05,7628,3.1735448837280273
2025-11-09T17:26:46.189319,2,56,train,1.2809169421980637,,1e-05,8136,3.186336040496826
2025-11-09T17:26:46.202064,2,57,train,1.195920584186071,,1e-05,8066,3.199083089828491
2025-11-09T17:26:46.214763,2,58,train,1.412705938409742,,1e-05,7737,3.2117807865142822
2025-11-09T17:26:46.225612,2,59,train,1.3464157033891895,,1e-05,8059,3.2226269245147705
2025-11-09T17:26:46.237284,2,60,train,1.6320033125250708,1.7296687158090924,1e-05,8208,3.234302043914795
2025-11-09T17:26:46.250049,2,61,train,1.220036714095798,,1e-05,7995,3.247065782546997
2025-11-09T17:26:46.262933,2,62,train,1.1896031992163683,,1e-05,8041,3.2599480152130127
2025-11-09T17:26:46.274585,2,63,train,1.313678969534873,,1e-05,7946,3.271601915359497
2025-11-09T17:26:46.287406,2,64,train,1.4236276520068134,,1e-05,8301,3.2844228744506836
2025-11-09T17:26:46.300187,2,65,train,1.4507988050568688,,1e-05,8468,3.2972071170806885
2025-11-09T17:26:46.312930,2,66,train,1.067414113096206,,1e-05,8465,3.309947967529297
2025-11-09T17:26:46.325749,2,67,train,1.3176608432038548,,1e-05,7909,3.3227667808532715
2025-11-09T17:26:46.338478,2,68,train,1.4005878179615077,,1e-05,7892,3.335498094558716
2025-11-09T17:26:46.348984,2,69,train,1.0671718008333906,,1e-05,8286,3.346004009246826
2025-11-09T17:26:46.361643,2,70,train,1.3595260609328896,1.4442765721125421,1e-05,8457,3.3586618900299072
2025-11-09T17:26:46.374424,2,71,train,1.1830507183527728,,1e-05,7530,3.3714439868927
2025-11-09T17:26:46.387039,2,72,train,1.4663217627944098,,1e-05,7840,3.384058952331543
2025-11-09T17:26:46.399664,2,73,train,1.1846297345972818,,1e-05,8305,3.396684169769287
2025-11-09T17:26:46.412349,2,74,train,1.2555254828454046,,1e-05,8392,3.4093687534332275
2025-11-09T17:26:46.424946,2,75,train,1.3417841331034521,,1e-05,8425,3.421966791152954
2025-11-09T17:26:46.437569,2,76,train,1.1171320300653877,,1e-05,7958,3.43458890914917
2025-11-09T17:26:46.450327,2,77,train,1.3360616181973015,,1e-05,7743,3.4473469257354736
2025-11-09T17:26:46.462949,2,78,train,1.2554632077318129,,1e-05,8163,3.459969997406006
2025-11-09T17:26:46.475244,2,79,train,1.2256200189571667,,1e-05,8083,3.4722609519958496
2025-11-09T17:26:46.488029,2,80,train,1.2993019434269388,1.4167118703452553,1e-05,8130,3.485048770904541
2025-11-09T17:26:46.500670,2,81,train,1.2056192254992604,,1e-05,8025,3.497689962387085
2025-11-09T17:26:46.513285,2,82,train,1.3812932364015387,,1e-05,7816,3.510305166244507
2025-11-09T17:26:46.525928,2,83,train,1.4588350537319374,,1e-05,8121,3.5229477882385254
2025-11-09T17:26:46.538666,2,84,train,1.3741202672338455,,1e-05,8058,3.5356810092926025
2025-11-09T17:26:46.550211,2,85,train,1.32990251373997,,1e-05,8003,3.5472259521484375
2025-11-09T17:26:46.563209,2,86,train,1.1119319092059419,,1e-05,7717,3.5602269172668457
2025-11-09T17:26:46.576064,2,87,train,1.222137131441258,,1e-05,8336,3.573079824447632
2025-11-09T17:26:46.587720,2,88,train,1.2513688546056772,,1e-05,7633,3.5847370624542236
2025-11-09T17:26:46.599961,2,89,train,1.2405997059778944,,1e-05,7867,3.5969810485839844
2025-11-09T17:26:46.612681,2,90,train,1.435910900053735,1.4367309869499107,1e-05,8245,3.609697103500366
2025-11-09T17:26:46.623741,2,91,train,1.2195541387344764,,1e-05,8139,3.6207590103149414
2025-11-09T17:26:46.635594,2,92,train,1.135242678929209,,1e-05,8140,3.6326138973236084
2025-11-09T17:26:46.648308,2,93,train,1.1682593447390235,,1e-05,8183,3.6453239917755127
2025-11-09T17:26:46.659605,2,94,train,0.8977861075833811,,1e-05,8424,3.6566219329833984
2025-11-09T17:26:46.670095,2,95,train,1.0429821416935487,,1e-05,7822,3.667111873626709
2025-11-09T17:26:46.681085,2,96,train,1.2357237967973842,,1e-05,7687,3.6781039237976074
2025-11-09T17:26:46.693849,2,97,train,1.192253577787949,,1e-05,8027,3.6908650398254395
2025-11-09T17:26:46.704395,2,98,train,1.2291949929953094,,1e-05,7774,3.7014129161834717
2025-11-09T17:26:46.717294,2,99,train,0.9273273090201213,,1e-05,7688,3.7143139839172363
2025-11-09T17:26:46.730044,2,100,train,1.0028308164208954,1.0397878665414593,1e-05,7873,3.727060079574585
2025-11-09T17:26:46.741457,2,,epoch,1.4577104924785382,1.5305960171024653,1e-05,,3.738474130630493
2025-11-11T22:47:57.220687,0,,epoch,0,,1e-05,,9.41990613937378
2025-11-11T22:47:57.877392,1,,epoch,0,,1e-05,,10.079012155532837
2025-11-11T22:47:57.960783,2,,epoch,0,,1e-05,,10.162405252456665
2025-11-11T23:16:14.892593,0,,epoch,0,,1e-05,,2.9673221111297607
2025-11-11T23:16:16.080983,1,,epoch,0,,1e-05,,4.155717134475708
2025-11-11T23:16:17.271067,2,,epoch,0,,1e-05,,5.345800161361694
